object_or_phrase	kind	scope	python_regex	total_lexical_occurrences	direct_result_occurrences	result_referenced_equation_occurrences	macro_expansion_carrier_occurrences	first_counted_occurrence	definition_or_semantic_expansion	burden_assessment	decision	limits_or_notes	result_locations_after_expansion	scholar_exact_phrase	scholar_collision_status	counted_sections
\rho	notation	exported	\\rho(?![A-Za-z_^])	52	17	0	62	sections/01-introduction-and-main-results.tex:7	common finite-variance coordinate law	PASS: load-bearing	retain canonical name		sections/01-introduction-and-main-results.tex:247; sections/parts/finite-variance-classification.tex:12; sections/parts/finite-variance-classification.tex:280; sections/parts/finite-variance-classification.tex:281; sections/parts/finite-variance-classification.tex:287; sections/parts/finite-variance-classification.tex:320; sections/parts/finite-variance-classification.tex:325; sections/parts/zero-set-and-support-classification.tex:28; sections/parts/zero-set-and-support-classification.tex:123; sections/parts/zero-set-and-support-classification.tex:141; sections/parts/zero-set-and-support-classification.tex:154; sections/parts/zero-set-and-support-classification.tex:322; sections/parts/zero-set-and-support-classification.tex:323; sections/parts/zero-set-and-support-classification.tex:324; sections/parts/zero-set-and-support-classification.tex:326; sections/parts/zero-set-and-support-classification.tex:520; sections/01-introduction-and-main-results.tex:189; sections/01-introduction-and-main-results.tex:196; sections/01-introduction-and-main-results.tex:198; sections/01-introduction-and-main-results.tex:204; sections/01-introduction-and-main-results.tex:208; sections/01-introduction-and-main-results.tex:209; sections/01-introduction-and-main-results.tex:211; sections/01-introduction-and-main-results.tex:213; sections/01-introduction-and-main-results.tex:214; sections/01-introduction-and-main-results.tex:217; sections/01-introduction-and-main-results.tex:249; sections/01-introduction-and-main-results.tex:258; sections/parts/measurable-realization-and-measure-class-dichotomy.tex:17; sections/parts/measurable-realization-and-measure-class-dichotomy.tex:44; sections/parts/measurable-realization-and-measure-class-dichotomy.tex:117; sections/parts/measurable-realization-and-measure-class-dichotomy.tex:193; sections/parts/measurable-realization-and-measure-class-dichotomy.tex:195; sections/parts/measurable-realization-and-measure-class-dichotomy.tex:200; sections/parts/measurable-realization-and-measure-class-dichotomy.tex:203; sections/parts/measurable-realization-and-measure-class-dichotomy.tex:205; sections/parts/measurable-realization-and-measure-class-dichotomy.tex:210; sections/parts/measurable-realization-and-measure-class-dichotomy.tex:211; sections/parts/measurable-realization-and-measure-class-dichotomy.tex:212; sections/parts/measurable-realization-and-measure-class-dichotomy.tex:214; sections/parts/measurable-realization-and-measure-class-dichotomy.tex:216; sections/parts/finite-variance-classification.tex:14; sections/parts/finite-variance-classification.tex:17; sections/parts/finite-variance-classification.tex:18; sections/parts/finite-variance-classification.tex:19; sections/parts/finite-variance-classification.tex:23; sections/parts/finite-variance-classification.tex:34; sections/parts/finite-variance-classification.tex:128; sections/parts/finite-variance-classification.tex:210; sections/parts/finite-variance-classification.tex:424; sections/parts/finite-variance-classification.tex:433; sections/parts/finite-variance-classification.tex:459; sections/parts/finite-variance-classification.tex:565; sections/parts/zero-set-and-support-classification.tex:31; sections/parts/zero-set-and-support-classification.tex:39; sections/parts/zero-set-and-support-classification.tex:128; sections/parts/zero-set-and-support-classification.tex:133; sections/parts/zero-set-and-support-classification.tex:138; sections/parts/zero-set-and-support-classification.tex:142; sections/parts/zero-set-and-support-classification.tex:146; sections/parts/zero-set-and-support-classification.tex:147; sections/parts/zero-set-and-support-classification.tex:159; sections/parts/zero-set-and-support-classification.tex:318; sections/parts/zero-set-and-support-classification.tex:335; sections/parts/zero-set-and-support-classification.tex:492; sections/parts/zero-set-and-support-classification.tex:503; sections/parts/zero-set-and-support-classification.tex:504; sections/parts/zero-set-and-support-classification.tex:510; sections/parts/zero-set-and-support-classification.tex:512; sections/parts/zero-set-and-support-classification.tex:562; sections/parts/zero-set-and-support-classification.tex:611; sections/parts/zero-set-and-support-classification.tex:614; sections/parts/zero-set-and-support-classification.tex:657; sections/parts/zero-set-and-support-classification.tex:669; sections/parts/zero-set-and-support-classification.tex:679; sections/parts/zero-set-and-support-classification.tex:681	coordinate law	hits_other_context	all
\mu	notation	exported	\\mu(?![A-Za-z_^])	191	68	0	0	sections/01-introduction-and-main-results.tex:8	default product law rho^(tensor N), with explicit local rebinding in general-measure results	PASS: load-bearing	retain canonical name		sections/01-introduction-and-main-results.tex:189; sections/01-introduction-and-main-results.tex:196; sections/01-introduction-and-main-results.tex:198; sections/01-introduction-and-main-results.tex:204; sections/01-introduction-and-main-results.tex:208; sections/01-introduction-and-main-results.tex:209; sections/01-introduction-and-main-results.tex:211; sections/01-introduction-and-main-results.tex:213; sections/01-introduction-and-main-results.tex:214; sections/01-introduction-and-main-results.tex:217; sections/01-introduction-and-main-results.tex:249; sections/01-introduction-and-main-results.tex:258; sections/parts/measurable-realization-and-measure-class-dichotomy.tex:17; sections/parts/measurable-realization-and-measure-class-dichotomy.tex:44; sections/parts/measurable-realization-and-measure-class-dichotomy.tex:117; sections/parts/measurable-realization-and-measure-class-dichotomy.tex:193; sections/parts/measurable-realization-and-measure-class-dichotomy.tex:195; sections/parts/measurable-realization-and-measure-class-dichotomy.tex:200; sections/parts/measurable-realization-and-measure-class-dichotomy.tex:203; sections/parts/measurable-realization-and-measure-class-dichotomy.tex:205; sections/parts/measurable-realization-and-measure-class-dichotomy.tex:210; sections/parts/measurable-realization-and-measure-class-dichotomy.tex:211; sections/parts/measurable-realization-and-measure-class-dichotomy.tex:212; sections/parts/measurable-realization-and-measure-class-dichotomy.tex:214; sections/parts/measurable-realization-and-measure-class-dichotomy.tex:216; sections/parts/finite-variance-classification.tex:12; sections/parts/finite-variance-classification.tex:14; sections/parts/finite-variance-classification.tex:17; sections/parts/finite-variance-classification.tex:18; sections/parts/finite-variance-classification.tex:19; sections/parts/finite-variance-classification.tex:23; sections/parts/finite-variance-classification.tex:34; sections/parts/finite-variance-classification.tex:128; sections/parts/finite-variance-classification.tex:210; sections/parts/finite-variance-classification.tex:424; sections/parts/finite-variance-classification.tex:433; sections/parts/finite-variance-classification.tex:459; sections/parts/finite-variance-classification.tex:565; sections/parts/zero-set-and-support-classification.tex:28; sections/parts/zero-set-and-support-classification.tex:31; sections/parts/zero-set-and-support-classification.tex:39; sections/parts/zero-set-and-support-classification.tex:128; sections/parts/zero-set-and-support-classification.tex:133; sections/parts/zero-set-and-support-classification.tex:138; sections/parts/zero-set-and-support-classification.tex:142; sections/parts/zero-set-and-support-classification.tex:146; sections/parts/zero-set-and-support-classification.tex:147; sections/parts/zero-set-and-support-classification.tex:159; sections/parts/zero-set-and-support-classification.tex:318; sections/parts/zero-set-and-support-classification.tex:335; sections/parts/zero-set-and-support-classification.tex:492; sections/parts/zero-set-and-support-classification.tex:503; sections/parts/zero-set-and-support-classification.tex:504; sections/parts/zero-set-and-support-classification.tex:510; sections/parts/zero-set-and-support-classification.tex:512; sections/parts/zero-set-and-support-classification.tex:562; sections/parts/zero-set-and-support-classification.tex:611; sections/parts/zero-set-and-support-classification.tex:614; sections/parts/zero-set-and-support-classification.tex:657; sections/parts/zero-set-and-support-classification.tex:669; sections/parts/zero-set-and-support-classification.tex:679; sections/parts/zero-set-and-support-classification.tex:681	product law	hits_other_context	all
\mu_n	notation	exported	\\mu_[nmN](?![A-Za-z])	41	18	0	0	sections/01-introduction-and-main-results.tex:136	finite coordinate product or finite marginal, as declared in scope	PASS: load-bearing	retain canonical name		sections/parts/finite-dimensional-hellinger-geometry.tex:178; sections/parts/finite-dimensional-hellinger-geometry.tex:185; sections/parts/finite-dimensional-hellinger-geometry.tex:238; sections/parts/finite-dimensional-hellinger-geometry.tex:516; sections/parts/finite-dimensional-hellinger-geometry.tex:596; sections/parts/measurable-realization-and-measure-class-dichotomy.tex:188; sections/parts/measurable-realization-and-measure-class-dichotomy.tex:192; sections/parts/measurable-realization-and-measure-class-dichotomy.tex:194; sections/parts/measurable-realization-and-measure-class-dichotomy.tex:203; sections/parts/finite-variance-classification.tex:134; sections/parts/zero-set-and-support-classification.tex:658; sections/parts/zero-set-and-support-classification.tex:679; sections/parts/zero-set-and-support-classification.tex:680	product law	hits_other_context	all
\phi	notation	exported	\\phi(?![A-Za-z_])	66	7	0	0	sections/01-introduction-and-main-results.tex:68	characteristic function u -> E exp(iuX)	PASS: load-bearing	retain canonical name		sections/parts/rotational-fourier-detection.tex:44; sections/parts/rotational-fourier-detection.tex:45; sections/parts/rotational-fourier-detection.tex:57; sections/parts/finite-variance-classification.tex:285	characteristic function	hits_standard_context	all
R	notation	exported	(?<![A-Za-z\\])R(?![A-Za-z_])	10	2	0	0	sections/01-introduction-and-main-results.tex:74	eta phi'(xi)phi(eta)-xi phi(xi)phi'(eta)	PASS: load-bearing	retain canonical name		sections/parts/rotational-fourier-detection.tex:41; sections/parts/rotational-fourier-detection.tex:50	rotational Fourier defect	no_exact_articles	all
W_{\xi,\eta}	notation	exported	W_\{\\xi,\\eta\}	6	1	0	0	sections/parts/rotational-fourier-detection.tex:12	product of the two centered complex exponentials	PASS: load-bearing	retain canonical name		sections/parts/rotational-fourier-detection.tex:43	product of centered complex exponentials	no_exact_articles	all
H	notation	exported	(?<![A-Za-z\\])H(?![A-Za-z_])	42	24	0	0	sections/01-introduction-and-main-results.tex:134	ell^2(N;R), the coefficient Hilbert space	PASS: load-bearing	retain canonical name		sections/01-introduction-and-main-results.tex:186; sections/01-introduction-and-main-results.tex:191; sections/01-introduction-and-main-results.tex:197; sections/parts/measurable-realization-and-measure-class-dichotomy.tex:15; sections/parts/measurable-realization-and-measure-class-dichotomy.tex:35; sections/parts/measurable-realization-and-measure-class-dichotomy.tex:38; sections/parts/measurable-realization-and-measure-class-dichotomy.tex:115; sections/parts/measurable-realization-and-measure-class-dichotomy.tex:187; sections/parts/finite-variance-classification.tex:13; sections/parts/finite-variance-classification.tex:25; sections/parts/finite-variance-classification.tex:565; sections/04-symmetric-stable-products-and-anisotropic-geometry.tex:80; sections/04-symmetric-stable-products-and-anisotropic-geometry.tex:94; sections/parts/zero-set-and-support-classification.tex:36; sections/parts/zero-set-and-support-classification.tex:124; sections/parts/zero-set-and-support-classification.tex:131; sections/parts/zero-set-and-support-classification.tex:142; sections/parts/zero-set-and-support-classification.tex:143; sections/parts/zero-set-and-support-classification.tex:145; sections/parts/zero-set-and-support-classification.tex:153; sections/parts/zero-set-and-support-classification.tex:157; sections/parts/zero-set-and-support-classification.tex:314; sections/parts/zero-set-and-support-classification.tex:613	Hilbert space	hits_standard_context	all
s	notation	exported	(?<![A-Za-z\\])s(?=\s*(?:=|\())	16	0	0	2	sections/parts/finite-dimensional-hellinger-geometry.tex:20	location score -f'/f=-2g'/g	PASS: load-bearing	retain canonical name		sections/parts/finite-dimensional-hellinger-geometry.tex:56; sections/parts/finite-dimensional-hellinger-geometry.tex:237	location score	hits_other_context	all
d	notation	exported	(?<![A-Za-z\\])d(?=\s*(?:=|\())	7	1	0	2	sections/parts/finite-dimensional-hellinger-geometry.tex:28	scale score x s(x)-1	PASS: load-bearing	retain canonical name		sections/parts/finite-dimensional-hellinger-geometry.tex:225; sections/parts/finite-dimensional-hellinger-geometry.tex:56; sections/parts/finite-dimensional-hellinger-geometry.tex:237	scale score	hits_other_context	all
J	notation	exported	(?<!\\mathcal )(?<![A-Za-z\\])J(?![A-Za-z_])	25	11	0	0	sections/parts/finite-dimensional-hellinger-geometry.tex:6	location Fisher information E s(X)^2	PASS: load-bearing	retain canonical name		sections/parts/finite-dimensional-hellinger-geometry.tex:60; sections/parts/finite-dimensional-hellinger-geometry.tex:66; sections/parts/finite-dimensional-hellinger-geometry.tex:71; sections/parts/finite-dimensional-hellinger-geometry.tex:72; sections/parts/finite-dimensional-hellinger-geometry.tex:81; sections/parts/finite-dimensional-hellinger-geometry.tex:82; sections/parts/finite-dimensional-hellinger-geometry.tex:84; sections/parts/finite-dimensional-hellinger-geometry.tex:87; sections/parts/finite-dimensional-hellinger-geometry.tex:89; sections/parts/finite-dimensional-hellinger-geometry.tex:314	location Fisher information	hits_context_dependent	all
\kappa	notation	exported	\\kappa(?![A-Za-z_])	14	8	0	0	sections/parts/finite-dimensional-hellinger-geometry.tex:29	scale Fisher information E d(X)^2	PASS: load-bearing	retain canonical name		sections/parts/finite-dimensional-hellinger-geometry.tex:60; sections/parts/finite-dimensional-hellinger-geometry.tex:66; sections/parts/finite-dimensional-hellinger-geometry.tex:70; sections/parts/finite-dimensional-hellinger-geometry.tex:81; sections/parts/finite-dimensional-hellinger-geometry.tex:84; sections/parts/finite-dimensional-hellinger-geometry.tex:87; sections/parts/finite-dimensional-hellinger-geometry.tex:89; sections/parts/finite-dimensional-hellinger-geometry.tex:314	scale Fisher information	hits_context_dependent	all
\mathcal P	notation	exported	\\mathcal P(?![A-Za-z_^])	22	11	0	0	sections/01-introduction-and-main-results.tex:144	signed coordinate permutations whose signs preserve rho	PASS: load-bearing	retain canonical name		sections/01-introduction-and-main-results.tex:191; sections/01-introduction-and-main-results.tex:198; sections/01-introduction-and-main-results.tex:249; sections/01-introduction-and-main-results.tex:260; sections/parts/finite-variance-classification.tex:425; sections/parts/finite-variance-classification.tex:568; sections/parts/zero-set-and-support-classification.tex:42; sections/parts/zero-set-and-support-classification.tex:131; sections/parts/zero-set-and-support-classification.tex:145; sections/parts/zero-set-and-support-classification.tex:158	signed permutation	hits_standard_context	all
\Phi_T	notation	exported	\\Phi_T(?![A-Za-z_])	19	4	0	26	sections/01-introduction-and-main-results.tex:156	measurable row-series realization of T	PASS: load-bearing	retain canonical name		sections/parts/measurable-realization-and-measure-class-dichotomy.tex:17; sections/parts/measurable-realization-and-measure-class-dichotomy.tex:30; sections/parts/measurable-realization-and-measure-class-dichotomy.tex:33; sections/parts/zero-set-and-support-classification.tex:614; sections/01-introduction-and-main-results.tex:189; sections/01-introduction-and-main-results.tex:196; sections/01-introduction-and-main-results.tex:198; sections/01-introduction-and-main-results.tex:204; sections/01-introduction-and-main-results.tex:217; sections/parts/measurable-realization-and-measure-class-dichotomy.tex:117; sections/parts/measurable-realization-and-measure-class-dichotomy.tex:188; sections/parts/measurable-realization-and-measure-class-dichotomy.tex:192; sections/parts/measurable-realization-and-measure-class-dichotomy.tex:194; sections/parts/measurable-realization-and-measure-class-dichotomy.tex:203; sections/parts/measurable-realization-and-measure-class-dichotomy.tex:205; sections/parts/measurable-realization-and-measure-class-dichotomy.tex:210; sections/parts/measurable-realization-and-measure-class-dichotomy.tex:211; sections/parts/measurable-realization-and-measure-class-dichotomy.tex:212; sections/parts/measurable-realization-and-measure-class-dichotomy.tex:218; sections/parts/measurable-realization-and-measure-class-dichotomy.tex:220; sections/parts/finite-variance-classification.tex:14; sections/parts/finite-variance-classification.tex:18; sections/parts/finite-variance-classification.tex:459; sections/parts/finite-variance-classification.tex:565; sections/parts/zero-set-and-support-classification.tex:39; sections/parts/zero-set-and-support-classification.tex:128; sections/parts/zero-set-and-support-classification.tex:142; sections/parts/zero-set-and-support-classification.tex:158; sections/parts/zero-set-and-support-classification.tex:318; sections/parts/zero-set-and-support-classification.tex:335	measurable row-series realization	no_exact_articles	all
\nu_T	notation	exported	\\nu_T(?![A-Za-z_])	79	28	0	0	sections/01-introduction-and-main-results.tex:159	(Phi_T)_# mu	PASS: load-bearing	retain canonical name		sections/01-introduction-and-main-results.tex:189; sections/01-introduction-and-main-results.tex:196; sections/01-introduction-and-main-results.tex:198; sections/01-introduction-and-main-results.tex:204; sections/01-introduction-and-main-results.tex:217; sections/parts/measurable-realization-and-measure-class-dichotomy.tex:117; sections/parts/measurable-realization-and-measure-class-dichotomy.tex:188; sections/parts/measurable-realization-and-measure-class-dichotomy.tex:192; sections/parts/measurable-realization-and-measure-class-dichotomy.tex:194; sections/parts/measurable-realization-and-measure-class-dichotomy.tex:203; sections/parts/measurable-realization-and-measure-class-dichotomy.tex:205; sections/parts/measurable-realization-and-measure-class-dichotomy.tex:210; sections/parts/measurable-realization-and-measure-class-dichotomy.tex:211; sections/parts/measurable-realization-and-measure-class-dichotomy.tex:212; sections/parts/measurable-realization-and-measure-class-dichotomy.tex:218; sections/parts/measurable-realization-and-measure-class-dichotomy.tex:220; sections/parts/finite-variance-classification.tex:14; sections/parts/finite-variance-classification.tex:18; sections/parts/finite-variance-classification.tex:459; sections/parts/finite-variance-classification.tex:565; sections/parts/zero-set-and-support-classification.tex:39; sections/parts/zero-set-and-support-classification.tex:128; sections/parts/zero-set-and-support-classification.tex:142; sections/parts/zero-set-and-support-classification.tex:158; sections/parts/zero-set-and-support-classification.tex:318; sections/parts/zero-set-and-support-classification.tex:335	image law	hits_context_dependent	all
\Aff	notation	exported	\\Aff(?![A-Za-z])	28	8	0	0	sections/01-introduction-and-main-results.tex:163	Hellinger affinity	PASS: load-bearing	retain canonical name		sections/parts/measurable-realization-and-measure-class-dichotomy.tex:194; sections/parts/measurable-realization-and-measure-class-dichotomy.tex:203; sections/parts/zero-set-and-support-classification.tex:497; sections/parts/zero-set-and-support-classification.tex:503; sections/parts/zero-set-and-support-classification.tex:679; sections/parts/zero-set-and-support-classification.tex:680	Hellinger affinity	hits_standard_context	all
h	notation	exported	(?<![A-Za-z\\])h(?![A-Za-z_])	48	9	0	0	sections/01-introduction-and-main-results.tex:166	squared Hellinger distance h(lambda,nu)^2=2-2 Aff(lambda,nu)	PASS: load-bearing	retain canonical name		sections/parts/finite-dimensional-hellinger-geometry.tex:178; sections/parts/finite-dimensional-hellinger-geometry.tex:185; sections/parts/finite-dimensional-hellinger-geometry.tex:516; sections/parts/finite-dimensional-hellinger-geometry.tex:596; sections/parts/finite-variance-classification.tex:134; sections/parts/finite-variance-classification.tex:210; sections/parts/finite-variance-classification.tex:429; sections/04-symmetric-stable-products-and-anisotropic-geometry.tex:827; sections/parts/zero-set-and-support-classification.tex:31	Hellinger distance	hits_standard_context	all
P_n	notation	exported	(?<!\\mathcal )P_[nmN](?![A-Za-z])	17	2	0	0	sections/01-introduction-and-main-results.tex:170	orthogonal projection in H onto an initial coordinate segment	PASS: load-bearing	retain canonical name		sections/01-introduction-and-main-results.tex:206; sections/parts/finite-variance-classification.tex:16	orthogonal projection	hits_standard_context	all
\pi_n	notation	exported	\\pi_[nmN](?![A-Za-z])	12	5	0	5	sections/01-introduction-and-main-results.tex:172	coordinate extraction from the product sample space	PASS: load-bearing	retain canonical name		sections/parts/measurable-realization-and-measure-class-dichotomy.tex:188; sections/parts/measurable-realization-and-measure-class-dichotomy.tex:192; sections/parts/measurable-realization-and-measure-class-dichotomy.tex:194; sections/parts/measurable-realization-and-measure-class-dichotomy.tex:203; sections/01-introduction-and-main-results.tex:192; sections/01-introduction-and-main-results.tex:197; sections/parts/measurable-realization-and-measure-class-dichotomy.tex:193; sections/parts/measurable-realization-and-measure-class-dichotomy.tex:206; sections/parts/measurable-realization-and-measure-class-dichotomy.tex:209	coordinate projection	hits_context_dependent	all
E_n(T)	notation	exported	(?<![A-Za-z\\])E_[nmN](?![A-Za-z])	6	3	0	0	sections/01-introduction-and-main-results.tex:176	projected Hellinger energy -2 log Aff(mu_n,(pi_n)_#nu_T)	PASS: load-bearing	retain canonical name		sections/01-introduction-and-main-results.tex:197; sections/parts/measurable-realization-and-measure-class-dichotomy.tex:193; sections/parts/measurable-realization-and-measure-class-dichotomy.tex:209	projected Hellinger energy	no_exact_articles	all
\mathcal S_2	notation	exported	\\mathcal S_2	78	18	0	0	sections/01-introduction-and-main-results.tex:173	Hilbert--Schmidt operator ideal	PASS: load-bearing	retain canonical name		sections/01-introduction-and-main-results.tex:191; sections/01-introduction-and-main-results.tex:260; sections/parts/finite-variance-classification.tex:13; sections/parts/finite-variance-classification.tex:25; sections/parts/finite-variance-classification.tex:35; sections/parts/finite-variance-classification.tex:127; sections/parts/finite-variance-classification.tex:206; sections/parts/finite-variance-classification.tex:207; sections/parts/finite-variance-classification.tex:209; sections/parts/finite-variance-classification.tex:211; sections/parts/finite-variance-classification.tex:567; sections/parts/zero-set-and-support-classification.tex:31; sections/parts/zero-set-and-support-classification.tex:32; sections/parts/zero-set-and-support-classification.tex:33; sections/parts/zero-set-and-support-classification.tex:41; sections/parts/zero-set-and-support-classification.tex:131; sections/parts/zero-set-and-support-classification.tex:145; sections/parts/zero-set-and-support-classification.tex:157	Hilbert-Schmidt ideal	hits_standard_context	all
matrix score S_A	notation	exported	S_[AB](?![A-Za-z])	14	2	0	0	sections/parts/finite-dimensional-hellinger-geometry.tex:45	matrix-path score sum	PASS: load-bearing	retain canonical name		sections/parts/finite-dimensional-hellinger-geometry.tex:56; sections/parts/finite-dimensional-hellinger-geometry.tex:237	matrix score	hits_other_context	all
\mathcal I	notation	exported	\\mathcal I(?![A-Za-z])	7	6	0	0	sections/parts/finite-dimensional-hellinger-geometry.tex:55	matrix Fisher operator defined by score covariance	PASS: load-bearing	retain canonical name		sections/parts/finite-dimensional-hellinger-geometry.tex:55; sections/parts/finite-dimensional-hellinger-geometry.tex:56; sections/parts/finite-dimensional-hellinger-geometry.tex:59; sections/parts/finite-dimensional-hellinger-geometry.tex:69; sections/parts/finite-dimensional-hellinger-geometry.tex:87; sections/parts/finite-dimensional-hellinger-geometry.tex:172	matrix Fisher operator	no_exact_articles	all
U_A	notation	exported	U_(?:[AB]|\{(?:[AB]|\\exp))	17	4	0	0	sections/parts/finite-dimensional-hellinger-geometry.tex:138	unitary half-density action induced by A	PASS: load-bearing	retain canonical name		sections/parts/finite-dimensional-hellinger-geometry.tex:164; sections/parts/finite-dimensional-hellinger-geometry.tex:168; sections/parts/finite-dimensional-hellinger-geometry.tex:169; sections/parts/finite-dimensional-hellinger-geometry.tex:170	unitary half-density action	no_exact_articles	all
\Omega_n	notation	exported	\\Omega_[nmN](?![A-Za-z])	30	5	0	0	sections/parts/finite-dimensional-hellinger-geometry.tex:140	product square-root density	PASS: load-bearing	retain canonical name		sections/parts/finite-dimensional-hellinger-geometry.tex:164; sections/parts/finite-dimensional-hellinger-geometry.tex:168; sections/parts/finite-dimensional-hellinger-geometry.tex:169; sections/parts/finite-dimensional-hellinger-geometry.tex:170; sections/parts/finite-dimensional-hellinger-geometry.tex:316	product square-root density	no_exact_articles	all
G_A	notation	exported	G_[AB](?![A-Za-z])	6	1	0	0	sections/parts/finite-dimensional-hellinger-geometry.tex:150	generator of the half-density action	PASS: load-bearing	retain canonical name		sections/parts/finite-dimensional-hellinger-geometry.tex:316	half-density generator	hits_related_context	all
finite Fourier functions	notation	exported	(?<![A-Za-z\\])[pqr](?![A-Za-z_])	37	14	0	0	sections/parts/finite-dimensional-hellinger-geometry.tex:183	the three finite real Fourier sums with displayed dual moments	PASS: load-bearing	retain canonical name		sections/parts/finite-dimensional-hellinger-geometry.tex:183; sections/parts/finite-dimensional-hellinger-geometry.tex:186; sections/parts/finite-dimensional-hellinger-geometry.tex:218; sections/parts/finite-dimensional-hellinger-geometry.tex:222; sections/parts/finite-dimensional-hellinger-geometry.tex:223; sections/parts/finite-dimensional-hellinger-geometry.tex:225; sections/parts/finite-dimensional-hellinger-geometry.tex:231; sections/parts/finite-dimensional-hellinger-geometry.tex:232; sections/parts/finite-dimensional-hellinger-geometry.tex:311	finite real Fourier sums	hits_related_context	02
H_A	notation	exported	H_[AB](?![A-Za-z])	24	5	0	0	sections/parts/finite-dimensional-hellinger-geometry.tex:231	quadratic function built from the three finite Fourier sums	PASS: load-bearing	retain canonical name		sections/parts/finite-dimensional-hellinger-geometry.tex:231; sections/parts/finite-dimensional-hellinger-geometry.tex:238; sections/parts/finite-dimensional-hellinger-geometry.tex:309; sections/parts/finite-dimensional-hellinger-geometry.tex:312; sections/parts/finite-dimensional-hellinger-geometry.tex:316	finite real Fourier sums	hits_related_context	02
\mathcal P_n	notation	exported	\\mathcal P_[nmN](?![A-Za-z^])	3	2	0	0	sections/parts/finite-dimensional-hellinger-geometry.tex:584	finite-dimensional rho-admissible signed-permutation group	PASS: load-bearing	retain canonical name		sections/parts/finite-dimensional-hellinger-geometry.tex:584; sections/parts/finite-dimensional-hellinger-geometry.tex:587	signed permutation	hits_standard_context	all
d_n	notation	exported	(?<![A-Za-z\\])d_[nmN](?![A-Za-z])	7	3	0	0	sections/parts/finite-dimensional-hellinger-geometry.tex:587	Frobenius distance to the finite rho-admissible group	PASS: load-bearing	retain canonical name		sections/parts/finite-dimensional-hellinger-geometry.tex:587; sections/parts/finite-dimensional-hellinger-geometry.tex:595; sections/parts/finite-dimensional-hellinger-geometry.tex:597	Frobenius distance	hits_standard_context	all
\ell_{T,n}	notation	exported	\\ell_\{T,[nmN]\}|\\ell_\{T_[nmN]\}	19	8	0	0	sections/parts/measurable-realization-and-measure-class-dichotomy.tex:192	finite-marginal likelihood ratio on the common product space	PASS: load-bearing	retain canonical name		sections/parts/measurable-realization-and-measure-class-dichotomy.tex:192; sections/parts/measurable-realization-and-measure-class-dichotomy.tex:193; sections/parts/measurable-realization-and-measure-class-dichotomy.tex:195; sections/parts/measurable-realization-and-measure-class-dichotomy.tex:199; sections/parts/measurable-realization-and-measure-class-dichotomy.tex:214; sections/parts/measurable-realization-and-measure-class-dichotomy.tex:218; sections/parts/finite-variance-classification.tex:17; sections/parts/finite-variance-classification.tex:19	finite-marginal likelihood ratio	no_exact_articles	all
\ell_T	notation	exported	\\ell_T(?![A-Za-z_])	18	9	0	0	sections/parts/measurable-realization-and-measure-class-dichotomy.tex:166	Radon--Nikodym derivative d nu_T/d mu	PASS: load-bearing	retain canonical name		sections/parts/measurable-realization-and-measure-class-dichotomy.tex:212; sections/parts/measurable-realization-and-measure-class-dichotomy.tex:214; sections/parts/measurable-realization-and-measure-class-dichotomy.tex:215; sections/parts/measurable-realization-and-measure-class-dichotomy.tex:218; sections/parts/measurable-realization-and-measure-class-dichotomy.tex:219; sections/parts/finite-variance-classification.tex:18; sections/parts/finite-variance-classification.tex:19; sections/parts/finite-variance-classification.tex:29; sections/parts/finite-variance-classification.tex:31	likelihood ratio	hits_standard_context	all
\rho_\alpha	notation	exported	\\rho_\\alpha	7	0	0	2	sections/04-symmetric-stable-products-and-anisotropic-geometry.tex:7	standard symmetric alpha-stable coordinate law	PASS: load-bearing	retain canonical name		sections/04-symmetric-stable-products-and-anisotropic-geometry.tex:78; sections/04-symmetric-stable-products-and-anisotropic-geometry.tex:92	standard symmetric alpha-stable law	no_exact_articles	all
\mu_\alpha	notation	exported	\\mu_\\alpha(?![A-Za-z_])	43	2	0	0	sections/04-symmetric-stable-products-and-anisotropic-geometry.tex:12	rho_alpha^(tensor N)	PASS: load-bearing	retain canonical name		sections/04-symmetric-stable-products-and-anisotropic-geometry.tex:78; sections/04-symmetric-stable-products-and-anisotropic-geometry.tex:92	product law	hits_other_context	all
\mu_{\alpha,n}	notation	exported	\\mu_\{\\alpha,[nmN]\}	16	2	0	0	sections/04-symmetric-stable-products-and-anisotropic-geometry.tex:14	finite product of the standard symmetric alpha-stable coordinate law	PASS: load-bearing	retain canonical name		sections/04-symmetric-stable-products-and-anisotropic-geometry.tex:827	standard symmetric alpha-stable law	no_exact_articles	all
\Phi_{\alpha,T}	notation	exported	\\Phi_\{\\alpha,[A-Z]\}	6	0	0	2	sections/04-symmetric-stable-products-and-anisotropic-geometry.tex:32	compatible stable row-series realization	PASS: load-bearing	retain canonical name		sections/04-symmetric-stable-products-and-anisotropic-geometry.tex:78; sections/04-symmetric-stable-products-and-anisotropic-geometry.tex:92	compatible stable row-series realization	no_exact_articles	all
\nu_{\alpha,T}	notation	exported	\\nu_\{\\alpha,[A-Z]\}(?![A-Za-z_])	15	2	0	0	sections/04-symmetric-stable-products-and-anisotropic-geometry.tex:33	(Phi_{alpha,T})_#mu_alpha	PASS: load-bearing	retain canonical name		sections/04-symmetric-stable-products-and-anisotropic-geometry.tex:78; sections/04-symmetric-stable-products-and-anisotropic-geometry.tex:92	image law	hits_context_dependent	all
F_\alpha	notation	exported	F_\\alpha(?![A-Za-z_])	35	1	1	3	sections/04-symmetric-stable-products-and-anisotropic-geometry.tex:52	sum over columns of the alpha-th powers of their ell^2 norms; the mixing cost applies it to the off-diagonal part	PASS: load-bearing	retain canonical name		sections/04-symmetric-stable-products-and-anisotropic-geometry.tex:90; sections/04-symmetric-stable-products-and-anisotropic-geometry.tex:58; sections/04-symmetric-stable-products-and-anisotropic-geometry.tex:81; sections/04-symmetric-stable-products-and-anisotropic-geometry.tex:88; sections/04-symmetric-stable-products-and-anisotropic-geometry.tex:56	column cost	hits_other_context	all
\mathfrak e_\alpha	notation	exported	\\mathfrak e_\\alpha(?![A-Za-z_])	6	2	1	0	sections/04-symmetric-stable-products-and-anisotropic-geometry.tex:56	diagonal square cost plus F_alpha of the off-diagonal part	PASS: load-bearing	retain canonical name		sections/04-symmetric-stable-products-and-anisotropic-geometry.tex:81; sections/04-symmetric-stable-products-and-anisotropic-geometry.tex:88; sections/04-symmetric-stable-products-and-anisotropic-geometry.tex:56	anisotropic mixing cost	no_exact_articles	all
E_{\alpha,n}	notation	exported	E_\{\\alpha,[nmN]\}	4	2	0	0	sections/04-symmetric-stable-products-and-anisotropic-geometry.tex:66	projected Hellinger energy for the stable image law	PASS: load-bearing	retain canonical name		sections/04-symmetric-stable-products-and-anisotropic-geometry.tex:84; sections/04-symmetric-stable-products-and-anisotropic-geometry.tex:93	projected Hellinger energy	no_exact_articles	all
\mathcal P^{\pm}	notation	exported	\\mathcal P\^\{\\pm\}	7	2	0	0	sections/01-introduction-and-main-results.tex:151	full signed-permutation group	PASS: load-bearing	retain canonical name		sections/04-symmetric-stable-products-and-anisotropic-geometry.tex:82; sections/04-symmetric-stable-products-and-anisotropic-geometry.tex:97	signed permutation group	hits_standard_context	all
\mathcal P_n^{\pm}	notation	exported	\\mathcal P_[nmN]\^\{\\pm\}	3	0	0	2	sections/04-symmetric-stable-products-and-anisotropic-geometry.tex:813	finite-dimensional full signed-permutation group	PASS: load-bearing	retain canonical name		sections/04-symmetric-stable-products-and-anisotropic-geometry.tex:826; sections/04-symmetric-stable-products-and-anisotropic-geometry.tex:828	signed permutation group	hits_standard_context	all
\mathfrak e_{\alpha,n}	notation	exported	\\mathfrak e_\{\\alpha,[nmN]\}	3	2	0	0	sections/04-symmetric-stable-products-and-anisotropic-geometry.tex:816	finite-dimensional stable mixing cost minimized over signed permutations	PASS: load-bearing	retain canonical name		sections/04-symmetric-stable-products-and-anisotropic-geometry.tex:826; sections/04-symmetric-stable-products-and-anisotropic-geometry.tex:828	anisotropic mixing cost	no_exact_articles	all
\mathcal G_\rho	notation	exported	\\mathcal G_\\rho	4	2	0	0	sections/parts/zero-set-and-support-classification.tex:141	linear equivalence group {T:nu_T is equivalent to mu}	PASS: load-bearing	retain canonical name		sections/parts/zero-set-and-support-classification.tex:141; sections/parts/zero-set-and-support-classification.tex:154	linear equivalence group	hits_context_dependent	05
\mathcal U	notation	exported	\\mathcal U(?![A-Za-z])	13	5	0	0	sections/parts/zero-set-and-support-classification.tex:124	positivity set {x:f(x)>0}	PASS: load-bearing	retain canonical name		sections/parts/zero-set-and-support-classification.tex:124; sections/parts/zero-set-and-support-classification.tex:133; sections/parts/zero-set-and-support-classification.tex:146; sections/parts/zero-set-and-support-classification.tex:147; sections/parts/zero-set-and-support-classification.tex:159	positivity set	hits_standard_context	05
\rho^-	notation	exported	\\rho\^-	11	5	0	0	sections/parts/zero-set-and-support-classification.tex:302	law of -X	PASS: load-bearing	retain canonical name		sections/parts/zero-set-and-support-classification.tex:322; sections/parts/zero-set-and-support-classification.tex:323; sections/parts/zero-set-and-support-classification.tex:324; sections/parts/zero-set-and-support-classification.tex:326	reflected law	hits_other_context	05
\Tail_n	notation	exported	\\Tail_[nmN](?![A-Za-z])	4	2	0	0	sections/parts/zero-set-and-support-classification.tex:663	sum of forward and reverse finite-marginal ratio tails	PASS: load-bearing	retain canonical name		sections/parts/zero-set-and-support-classification.tex:663; sections/parts/zero-set-and-support-classification.tex:671	finite-marginal ratio tails	no_exact_articles	05
r_k	notation	exported	(?<![A-Za-z\\])r_k(?![A-Za-z])	5	2	0	0	sections/parts/zero-set-and-support-classification.tex:497	block affinity Aff(lambda_k,eta_k)	PASS: load-bearing	retain canonical name		sections/parts/zero-set-and-support-classification.tex:497; sections/parts/zero-set-and-support-classification.tex:498	Hellinger affinity	hits_standard_context	05
a_k,b_k	notation	exported	(?<![A-Za-z\\])[ab]_k	4	2	0	0	sections/parts/zero-set-and-support-classification.tex:558	the two common-support masses in the block criterion	PASS: load-bearing	retain canonical name	The scoped pattern recognizes compact TeX products such as \prod_ka_k and a_kb_k while excluding suffixes of longer names.	sections/parts/zero-set-and-support-classification.tex:558; sections/parts/zero-set-and-support-classification.tex:559	common-support mass	hits_other_context	05
rotational Fourier defect	terminology	exported	rotational\s+Fourier\s+defect	12	1	0	0	sections/01-introduction-and-main-results.tex:69	the scalar function R	PASS: load-bearing	retain canonical phrase	Whitespace-normalized, case-insensitive exact phrase count.	sections/parts/rotational-fourier-detection.tex:37	rotational Fourier defect	no_exact_articles	all
weighted Fourier jet	terminology	exported	weighted\s+Fourier\s+jet	6	1	0	0	sections/main.tex:21	the curve u -> (u phi(u),phi'(u))	PASS: load-bearing	retain canonical phrase	Whitespace-normalized, case-insensitive exact phrase count.	sections/parts/rotational-fourier-detection.tex:55	weighted Fourier jet	no_exact_articles	all
matrix Fisher operator	terminology	exported	matrix\s+Fisher\s+operator	8	3	0	0	sections/02-rotational-fourier-defect-and-hellinger-coercivity.tex:11	the score-covariance operator mathcal I	PASS: load-bearing	retain canonical phrase	Whitespace-normalized, case-insensitive exact phrase count.	sections/parts/finite-dimensional-hellinger-geometry.tex:51; sections/parts/finite-dimensional-hellinger-geometry.tex:54; sections/parts/zero-set-and-support-classification.tex:24	matrix Fisher operator	no_exact_articles	all
measurable row-series realization	terminology	exported	measurable\s+row\-series\s+realization	7	2	0	0	sections/01-introduction-and-main-results.tex:49	the Borel row-series map Phi_T	PASS: load-bearing	retain canonical phrase	Whitespace-normalized, case-insensitive exact phrase count.	sections/parts/measurable-realization-and-measure-class-dichotomy.tex:13; sections/parts/measurable-realization-and-measure-class-dichotomy.tex:15	measurable row-series realization	no_exact_articles	all
projected Hellinger energy	terminology	exported	projected\s+Hellinger\s+energy	9	1	0	0	sections/main.tex:70	the finite-output quantity E_n or E_{alpha,n}	PASS: load-bearing	retain canonical phrase	Whitespace-normalized, case-insensitive exact phrase count.	sections/parts/measurable-realization-and-measure-class-dichotomy.tex:183	projected Hellinger energy	no_exact_articles	all
finite-marginal likelihood ratios	terminology	exported	finite\-marginal\s+likelihood\s+ratios	6	2	0	0	sections/01-introduction-and-main-results.tex:218	the martingale of marginal density ratios	PASS: load-bearing	retain canonical phrase	Whitespace-normalized, case-insensitive exact phrase count.	sections/01-introduction-and-main-results.tex:218; sections/parts/measurable-realization-and-measure-class-dichotomy.tex:183	finite-marginal likelihood ratio	no_exact_articles	all
likelihood ratio	terminology	exported	likelihood\s+ratio	15	8	0	0	sections/01-introduction-and-main-results.tex:201	a Radon--Nikodym derivative with its two measures specified	PASS: load-bearing	retain canonical phrase	Whitespace-normalized, case-insensitive exact phrase count.	sections/01-introduction-and-main-results.tex:201; sections/01-introduction-and-main-results.tex:218; sections/parts/measurable-realization-and-measure-class-dichotomy.tex:183; sections/parts/finite-variance-classification.tex:16; sections/parts/finite-variance-classification.tex:18; sections/parts/finite-variance-classification.tex:26; sections/parts/finite-variance-classification.tex:128; sections/parts/finite-variance-classification.tex:130	likelihood ratio	hits_standard_context	all
Hellinger coercivity	terminology	exported	Hellinger\s+coercivity	6	3	0	0	sections/02-rotational-fourier-defect-and-hellinger-coercivity.tex:1	dimension-free comparison of Hellinger loss with matrix cost	PASS: load-bearing	retain canonical phrase	Whitespace-normalized, case-insensitive exact phrase count.	sections/parts/finite-dimensional-hellinger-geometry.tex:510; sections/parts/finite-dimensional-hellinger-geometry.tex:582; sections/04-symmetric-stable-products-and-anisotropic-geometry.tex:820	Hellinger coercivity	no_exact_articles	all
exact linear stabilizer	terminology	exported	exact\s+linear\s+stabilizer	17	4	0	0	sections/main.tex:69	operators preserving the product law exactly	PASS: load-bearing	retain canonical phrase	Whitespace-normalized, case-insensitive exact phrase count.	sections/01-introduction-and-main-results.tex:197; sections/01-introduction-and-main-results.tex:248; sections/parts/finite-variance-classification.tex:34; sections/04-symmetric-stable-products-and-anisotropic-geometry.tex:97	exact linear stabilizer	hits_related_context	all
bounded invertible linear mixing	terminology	exported	bounded\s+invertible\s+linear\s+mixing	15	2	0	0	sections/main.tex:63	T in GL(H) acting through its row-series realization	PASS: load-bearing	retain canonical phrase	Whitespace-normalized, case-insensitive exact phrase count.	sections/01-introduction-and-main-results.tex:184; sections/01-introduction-and-main-results.tex:262	bounded invertible linear mixing	no_exact_articles	all
centered with variance one	terminology	exported	centered\s+with\s+variance\s+one	7	3	0	0	sections/01-introduction-and-main-results.tex:247	E X=0 and E X^2=1	PASS: load-bearing	retain canonical phrase	Whitespace-normalized, case-insensitive exact phrase count.	sections/01-introduction-and-main-results.tex:247; sections/01-introduction-and-main-results.tex:256; sections/parts/zero-set-and-support-classification.tex:611	centered with variance one	hits_standard_context	all
a.e.-positive density	terminology	exported	a\.e\.\-positive\s+density	5	1	0	0	sections/main.tex:68	f>0 Lebesgue-almost everywhere	PASS: load-bearing	retain canonical phrase	Whitespace-normalized, case-insensitive exact phrase count.	sections/parts/finite-variance-classification.tex:563	a.e.-positive density	hits_standard_context	all
compatible stable row-series realization	terminology	exported	compatible\s+stable\s+row\-series\s+realization	7	2	0	0	sections/01-introduction-and-main-results.tex:360	a measurable stable row action with a two-sided row-series inverse	PASS: load-bearing	retain canonical phrase	Whitespace-normalized, case-insensitive exact phrase count.	sections/04-symmetric-stable-products-and-anisotropic-geometry.tex:74; sections/04-symmetric-stable-products-and-anisotropic-geometry.tex:96	compatible stable row-series realization	no_exact_articles	all
anisotropic mixing cost	terminology	exported	anisotropic\s+mixing\s+cost	7	1	0	0	sections/01-introduction-and-main-results.tex:26	mathfrak e_alpha	PASS: load-bearing	retain canonical phrase	Whitespace-normalized, case-insensitive exact phrase count.	sections/04-symmetric-stable-products-and-anisotropic-geometry.tex:88	anisotropic mixing cost	no_exact_articles	all
column cost	terminology	exported	column\s+cost	10	1	0	0	sections/01-introduction-and-main-results.tex:316	F_alpha	PASS: load-bearing	retain canonical phrase	Whitespace-normalized, case-insensitive exact phrase count.	sections/04-symmetric-stable-products-and-anisotropic-geometry.tex:89	column cost	hits_other_context	all
anisotropic stable Hellinger coercivity	terminology	exported	anisotropic\s+stable\s+Hellinger\s+coercivity	3	1	0	0	sections/04-symmetric-stable-products-and-anisotropic-geometry.tex:809	comparison with mathfrak e_{alpha,n}	PASS: load-bearing	retain canonical phrase	Whitespace-normalized, case-insensitive exact phrase count.	sections/04-symmetric-stable-products-and-anisotropic-geometry.tex:820	anisotropic stable Hellinger coercivity	no_exact_articles	all
zero-set row condition	terminology	exported	zero\-set\s+row\s+condition	14	1	0	0	sections/main.tex:81	forward and inverse rows avoid the density zero set almost surely	PASS: load-bearing	retain canonical phrase	Whitespace-normalized, case-insensitive exact phrase count.	sections/parts/zero-set-and-support-classification.tex:126	zero-set row condition	no_exact_articles	all
linear equivalence group	terminology	exported	linear\s+equivalence\s+group	3	2	0	0	sections/parts/zero-set-and-support-classification.tex:114	mathcal G_rho	PASS: load-bearing	retain canonical phrase	Whitespace-normalized, case-insensitive exact phrase count.	sections/parts/zero-set-and-support-classification.tex:121; sections/parts/zero-set-and-support-classification.tex:138	linear equivalence group	hits_context_dependent	all
C_0,C_1	notation	proof-local	C_[01](?![A-Za-z])	0	0	0	0		constants local to the displayed estimate	SCOPED: proof-local binder; exported threshold does not apply	retain only as a scoped binder					all
C_\lambda	notation	proof-local	C_\\lambda	4	3	0	0	sections/parts/measurable-realization-and-measure-class-dichotomy.tex:23	second-moment domination constant for a locally fixed law	SCOPED: proof-local binder; exported threshold does not apply	retain only as a scoped binder		sections/parts/measurable-realization-and-measure-class-dichotomy.tex:23; sections/parts/measurable-realization-and-measure-class-dichotomy.tex:26; sections/parts/measurable-realization-and-measure-class-dichotomy.tex:31			03
\Gamma	notation	proof-local	\\Gamma(?![A-Za-z_])	5	3	0	0	sections/parts/measurable-realization-and-measure-class-dichotomy.tex:38	countable operator group in the realization proof	SCOPED: proof-local binder; exported threshold does not apply	retain only as a scoped binder		sections/parts/measurable-realization-and-measure-class-dichotomy.tex:38; sections/parts/measurable-realization-and-measure-class-dichotomy.tex:39; sections/parts/measurable-realization-and-measure-class-dichotomy.tex:44			03
L_a and its Borel representative	notation	proof-local	(?:\\widehat )?L_a	5	0	0	0	sections/parts/measurable-realization-and-measure-class-dichotomy.tex:50	row sum and selected Borel version	SCOPED: proof-local binder; exported threshold does not apply	retain only as a scoped binder					03
local cutoff/perturbation symbols	notation	proof-local	(?:r_0|\\Theta_u|\\mathcal M_u|N_\{\\mathrm\{open\}\})	17	0	0	0	sections/parts/finite-dimensional-hellinger-geometry.tex:273	binders confined to their construction	SCOPED: proof-local binder; exported threshold does not apply	retain only as a scoped binder					all
R_\mu	forbidden	forbidden	R_\\mu	0	0	0	0		the coordinate law is fixed; use R	PASS: absent	zero occurrences required	A match indicates that a noncanonical spelling has returned.				all
\Gamma_\mu	forbidden	forbidden	\\Gamma_\\mu	0	0	0	0		the explicit weighted Fourier jet replaces this alias	PASS: absent	zero occurrences required	A match indicates that a noncanonical spelling has returned.				all
\mathcal R_w	forbidden	forbidden	\\mathcal R_w	0	0	0	0		display the one-off integral instead	PASS: absent	zero occurrences required	A match indicates that a noncanonical spelling has returned.				all
\Sigma_f or \mathcal P_f	forbidden	forbidden	\\(?:Sigma|mathcal P)_f	0	0	0	0		use the canonical rho-admissible group mathcal P	PASS: absent	zero occurrences required	A match indicates that a noncanonical spelling has returned.				all
d_{n,f}	forbidden	forbidden	d_\{n,f\}	0	0	0	0		the fixed-law suffix is redundant	PASS: absent	zero occurrences required	A match indicates that a noncanonical spelling has returned.				all
Z_T	forbidden	forbidden	Z_T	0	0	0	0		use the likelihood-ratio family ell_T	PASS: absent	zero occurrences required	A match indicates that a noncanonical spelling has returned.				all
\Phi_T^{(\alpha)} or \nu_T^{(\alpha)}	forbidden	forbidden	\\(?:Phi|nu)_T\^\{\(\\alpha\)\}	0	0	0	0		use alpha as the first subscript	PASS: absent	zero occurrences required	A match indicates that a noncanonical spelling has returned.				all
\widehat\rho_\alpha	forbidden	forbidden	\\widehat\{?\\rho\}?_\\alpha	0	0	0	0		display the characteristic function directly	PASS: absent	zero occurrences required	A match indicates that a noncanonical spelling has returned.				all
\mathcal C_\alpha	forbidden	forbidden	\\mathcal C_\\alpha	0	0	0	0		expand the stable column condition	PASS: absent	zero occurrences required	A match indicates that a noncanonical spelling has returned.				all
\mathcal E_{\alpha,n}	forbidden	forbidden	\\mathcal E_\{?\\alpha,n\}?	0	0	0	0		use mathfrak e_{alpha,n}	PASS: absent	zero occurrences required	A match indicates that a noncanonical spelling has returned.				all
inverse-adjoint shorthand	forbidden	forbidden	(?:T|A)\^\{-(?:\\ast|\*)\}	0	0	0	0		write ((T^{-1})^*) or ((A^{-1})^*)	PASS: absent	zero occurrences required	A match indicates that a noncanonical spelling has returned.				all
left signed-permutation normalization	forbidden	forbidden	Q\^\{-1\}T	0	0	0	0		use the paper's canonical right normalization TQ^{-1}	PASS: absent	zero occurrences required	A match indicates that a noncanonical spelling has returned.				all
D_n(M) ratio-tail alias	forbidden	forbidden	D_n\(M\)	0	0	0	0		use Tail_n(M), reserving D for diagonal objects	PASS: absent	zero occurrences required	A match indicates that a noncanonical spelling has returned.				all
historical restricted names	forbidden	forbidden	(?i)restricted[-_:]	0	0	0	0		use theorem-specific semantic names	PASS: absent	zero occurrences required	A match indicates that a noncanonical spelling has returned.				all
proof-process terminology	forbidden	forbidden	(?i)(?:fractional column necessity|global signed-permutation match|rare-source (?:estimate|construction)|tail sign symmetry|sign-cut argument|uniform receiver)	0	0	0	0		describe the mathematical step rather than naming proof chronology	PASS: absent	zero occurrences required	A match indicates that a noncanonical spelling has returned.				all
