theta,empirical_real,empirical_imag,se_real,se_imag,theoretical_real,theoretical_imag
-2.000000000000000111e-01,5.052111813475916591e-02,9.877100320662337164e-04,5.082147135953386102e-03,5.124608300271579417e-03,4.656307732075282146e-02,0.000000000000000000e+00
-1.975000000000000089e-01,4.977577553830830892e-02,1.059954052009920997e-03,5.078142462972950674e-03,5.122921380651661999e-03,4.584241001383568270e-02,0.000000000000000000e+00
-1.950000000000000067e-01,4.903093268322701592e-02,1.131837433013451822e-03,5.074213633838546914e-03,5.121187136865082770e-03,4.512296699233997455e-02,0.000000000000000000e+00
-1.925000000000000044e-01,4.828669972478163985e-02,1.203350430543502925e-03,5.070360232210460380e-03,5.119406954275968098e-03,4.440485233550098276e-02,0.000000000000000000e+00
-1.900000000000000022e-01,4.754318627858058338e-02,1.274483395648416239e-03,5.066581799863167576e-03,5.117582260560428128e-03,4.368816953927345814e-02,0.000000000000000000e+00
-1.875000000000000000e-01,4.680050139621715760e-02,1.345226774862891229e-03,5.062877838683498000e-03,5.115714523601402192e-03,4.297302149541484817e-02,0.000000000000000000e+00
-1.849999999999999978e-01,4.605875354151693635e-02,1.415571110332627600e-03,5.059247812676036932e-03,5.113805249384891990e-03,4.225951047087631030e-02,0.000000000000000000e+00
-1.824999999999999956e-01,4.531805056739354048e-02,1.485507040161143568e-03,5.055691149971611696e-03,5.111855979900404093e-03,4.154773808749870345e-02,0.000000000000000000e+00
-1.800000000000000211e-01,4.457849969331634937e-02,1.555025298980249222e-03,5.052207244834786525e-03,5.109868291048289685e-03,4.083780530201713832e-02,0.000000000000000000e+00
-1.775000000000000189e-01,4.384020748339209628e-02,1.624116718745204730e-03,5.048795459666376162e-03,5.107843790556653926e-03,4.012981238637516879e-02,0.000000000000000000e+00
-1.750000000000000167e-01,4.310327982506240857e-02,1.692772229754765500e-03,5.045455126997132334e-03,5.105784115910358932e-03,3.942385890835059525e-02,0.000000000000000000e+00
-1.725000000000000144e-01,4.236782190841775764e-02,1.760982861895694701e-03,5.042185551468828311e-03,5.103690932294613174e-03,3.872004371249310184e-02,0.000000000000000000e+00
-1.700000000000000122e-01,4.163393820612805440e-02,1.828739746110768019e-03,5.038986011799128154e-03,5.101565930555539488e-03,3.801846490137736345e-02,0.000000000000000000e+00
-1.675000000000000100e-01,4.090173245398905089e-02,1.896034116088551750e-03,5.035855762726733006e-03,5.099410825180010660e-03,3.731921981716962433e-02,0.000000000000000000e+00
-1.650000000000000078e-01,4.017130763208320160e-02,1.962857310172659402e-03,5.032794036933432164e-03,5.097227352296981699e-03,3.662240502351232774e-02,0.000000000000000000e+00
-1.625000000000000056e-01,3.944276594655254237e-02,2.029200773487570535e-03,5.029800046939827095e-03,5.095017267702439505e-03,3.592811628772527022e-02,0.000000000000000000e+00
-1.600000000000000033e-01,3.871620881198095665e-02,2.095056060277422465e-03,5.026872986971661454e-03,5.092782344910030783e-03,3.523644856332658337e-02,0.000000000000000000e+00
-1.575000000000000011e-01,3.799173683438192978e-02,2.160414836453751139e-03,5.024012034793786351e-03,5.090524373229289405e-03,3.454749597287284923e-02,0.000000000000000000e+00
-1.550000000000000266e-01,3.726944979478771097e-02,2.225268882347296653e-03,5.021216353509025225e-03,5.088245155873337595e-03,3.386135179112076399e-02,0.000000000000000000e+00
-1.525000000000000244e-01,3.654944663343473454e-02,2.289610095658747065e-03,5.018485093319261653e-03,5.085946508097832948e-03,3.317810842851059983e-02,0.000000000000000000e+00
-1.500000000000000222e-01,3.583182543453984625e-02,2.353430494602431599e-03,5.015817393246334473e-03,5.083630255372796267e-03,3.249785741497282499e-02,0.000000000000000000e+00
-1.475000000000000200e-01,3.511668341166100660e-02,2.416722221236680505e-03,5.013212382810398361e-03,5.081298231588939583e-03,3.182068938405935299e-02,0.000000000000000000e+00
-1.450000000000000178e-01,3.440411689363583048e-02,2.479477544973871048e-03,5.010669183663638698e-03,5.078952277299922033e-03,3.114669405739894925e-02,0.000000000000000000e+00
-1.425000000000000155e-01,3.369422131109028884e-02,2.541688866262767962e-03,5.008186911177376147e-03,5.076594238001930041e-03,3.047596022948023675e-02,0.000000000000000000e+00
-1.400000000000000133e-01,3.298709118350996033e-02,2.603348720435297477e-03,5.005764675980747293e-03,5.074225962451852506e-03,2.980857575276057991e-02,0.000000000000000000e+00
-1.375000000000000111e-01,3.228282010686522180e-02,2.664449781709323298e-03,5.003401585449354129e-03,5.071849301025207167e-03,2.914462752310392757e-02,0.000000000000000000e+00
-1.350000000000000089e-01,3.158150074178146111e-02,2.724984867338674580e-03,5.001096745142415666e-03,5.069466104114890223e-03,2.848420146554797583e-02,0.000000000000000000e+00
-1.325000000000000067e-01,3.088322480224482691e-02,2.784946941901202382e-03,4.998849260187173543e-03,5.067078220571709368e-03,2.782738252040081739e-02,0.000000000000000000e+00
-1.300000000000000044e-01,3.018808304483381125e-02,2.844329121715218674e-03,4.996658236609389375e-03,5.064687496187534645e-03,2.717425462966996386e-02,0.000000000000000000e+00
-1.275000000000000022e-01,2.949616525846624968e-02,2.903124679374321105e-03,4.994522782609072536e-03,5.062295772221829526e-03,2.652490072382299169e-02,0.000000000000000000e+00
-1.250000000000000000e-01,2.880756025465111905e-02,2.961327048390322274e-03,4.992442009780612665e-03,5.059904883972185866e-03,2.587940270888122729e-02,0.000000000000000000e+00
-1.225000000000000117e-01,2.812235585823409656e-02,3.018929827933530818e-03,4.990415034276779113e-03,5.057516659389375314e-03,2.523784145384905253e-02,0.000000000000000000e+00
-1.200000000000000094e-01,2.744063889862546554e-02,3.075926787659456416e-03,4.988440977916116376e-03,5.055132917737358705e-03,2.460029677847749841e-02,0.000000000000000000e+00
-1.175000000000000072e-01,2.676249520149878020e-02,3.132311872610733707e-03,4.986518969233531655e-03,5.052755468298525746e-03,2.396684744136501344e-02,0.000000000000000000e+00
-1.150000000000000050e-01,2.608800958094823277e-02,3.188079208182704929e-03,4.984648144473949674e-03,5.050386109124383599e-03,2.333757112839573988e-02,0.000000000000000000e+00
-1.125000000000000028e-01,2.541726583209255250e-02,3.243223105141003048e-03,4.982827648529117130e-03,5.048026625831765479e-03,2.271254444151621366e-02,0.000000000000000000e+00
-1.100000000000000144e-01,2.475034672411295308e-02,3.297738064679218723e-03,4.981056635817794447e-03,5.045678790444518488e-03,2.209184288785301375e-02,0.000000000000000000e+00
-1.075000000000000122e-01,2.408733399371261810e-02,3.351618783504564398e-03,4.979334271109706923e-03,5.043344360280583964e-03,2.147554086916955707e-02,0.000000000000000000e+00
-1.050000000000000100e-01,2.342830833898475532e-02,3.404860158939369916e-03,4.977659730293799122e-03,5.041025076884166761e-03,2.086371167166720109e-02,0.000000000000000000e+00
-1.025000000000000078e-01,2.277334941367636922e-02,3.457457294025994242e-03,4.976032201091470757e-03,5.038722665002702029e-03,2.025642745612660223e-02,0.000000000000000000e+00
-1.000000000000000056e-01,2.212253582183469278e-02,3.509405502622874474e-03,4.974450883715617229e-03,5.036438831608127699e-03,1.965375924839710131e-02,0.000000000000000000e+00
-9.750000000000000333e-02,2.147594511282312560e-02,3.560700314479130647e-03,4.972914991476413277e-03,5.034175264961945721e-03,1.905577693022786345e-02,0.000000000000000000e+00
-9.500000000000001499e-02,2.083365377669343932e-02,3.611337480275286175e-03,4.971423751334959514e-03,5.031933633723400731e-03,1.846254923044851615e-02,0.000000000000000000e+00
-9.250000000000001277e-02,2.019573723990111466e-02,3.661312976617588782e-03,4.969976404405967128e-03,5.029715586100044072e-03,1.787414371649506672e-02,0.000000000000000000e+00
-9.000000000000001055e-02,1.956226986135047724e-02,3.710623010973473999e-03,4.968572206410821687e-03,5.027522749039835780e-03,1.729062678628598415e-02,0.000000000000000000e+00
-8.750000000000000833e-02,1.893332492875650364e-02,3.759264026535721979e-03,4.967210428082464990e-03,5.025356727463885925e-03,1.671206366044794556e-02,0.000000000000000000e+00
-8.500000000000000611e-02,1.830897465531006879e-02,3.807232707002965091e-03,4.965890355523614602e-03,5.023219103538800571e-03,1.613851837489230223e-02,0.000000000000000000e+00
-8.250000000000000389e-02,1.768929017663359998e-02,3.854525981264327310e-03,4.964611290519982054e-03,5.021111435987577615e-03,1.557005377374259814e-02,0.000000000000000000e+00
-8.000000000000001554e-02,1.707434154801415471e-02,3.901141027976041519e-03,4.963372550810178467e-03,5.019035259437872043e-03,1.500673150261652711e-02,0.000000000000000000e+00
-7.750000000000001332e-02,1.646419774190098842e-02,3.947075280018121947e-03,4.962173470314136872e-03,5.016992083806418902e-03,1.444861200226082998e-02,0.000000000000000000e+00
-7.500000000000001110e-02,1.585892664565500751e-02,3.992326428819310824e-03,4.961013399321900427e-03,5.014983393718325071e-03,1.389575450254118549e-02,0.000000000000000000e+00
-7.250000000000000888e-02,1.525859505953746156e-02,4.036892428538696974e-03,4.959891704644730712e-03,5.013010647959896711e-03,1.334821701678776118e-02,0.000000000000000000e+00
-7.000000000000000666e-02,1.466326869492559810e-02,4.080771500092688145e-03,4.958807769730506736e-03,5.011075278963591194e-03,1.280605633649761765e-02,0.000000000000000000e+00
-6.750000000000000444e-02,1.407301217274308305e-02,4.123962135016231816e-03,4.957760994745457304e-03,5.009178692323671030e-03,1.226932802639410514e-02,0.000000000000000000e+00
-6.500000000000000222e-02,1.348788902209337691e-02,4.166463099147488421e-03,4.956750796624311006e-03,5.007322266341103500e-03,1.173808641984569467e-02,0.000000000000000000e+00
-6.250000000000000000e-02,1.290796167908427917e-02,4.208273436125403374e-03,4.955776609090936820e-03,5.005507351596174236e-03,1.121238461464094116e-02,0.000000000000000000e+00
-5.999999999999999778e-02,1.233329148583245903e-02,4.249392470689993331e-03,4.954837882651618591e-03,5.003735270547338479e-03,1.069227446912598967e-02,0.000000000000000000e+00
-5.749999999999999556e-02,1.176393868963673817e-02,4.289819811775471767e-03,4.953934084563080611e-03,5.002007317154725380e-03,1.017780659870046178e-02,0.000000000000000000e+00
-5.500000000000002109e-02,1.119996244230946070e-02,4.329555355386722343e-03,4.953064698777393665e-03,5.000324756526813852e-03,9.669030372673803608e-03,0.000000000000000000e+00
-5.250000000000001887e-02,1.064142079965546377e-02,4.368599287249981533e-03,4.952229225865896999e-03,4.998688824588678851e-03,9.165993911483316658e-03,0.000000000000000000e+00
-5.000000000000001665e-02,1.008837072108863427e-02,4.406952085228931122e-03,4.951427182924220474e-03,4.997100727770339632e-03,8.668744084272511641e-03,0.000000000000000000e+00
-4.750000000000001443e-02,9.540868069376257435e-03,4.444614521498016155e-03,4.950658103460514603e-03,4.995561642713653924e-03,8.177326506832005570e-03,0.000000000000000000e+00
-4.500000000000001221e-02,8.998967610501789824e-03,4.481587664464925340e-03,4.949921537268912007e-03,4.994072715996279201e-03,7.691785539900686253e-03,0.000000000000000000e+00
-4.250000000000000999e-02,8.462723013637221681e-03,4.517872880434884754e-03,4.949217050290248207e-03,4.992635063871262921e-03,7.212164287830336029e-03,0.000000000000000000e+00
-4.000000000000000777e-02,7.932186851216308301e-03,4.553471835009727936e-03,4.948544224461988959e-03,4.991249772020823691e-03,6.738504597609079605e-03,0.000000000000000000e+00
-3.750000000000000555e-02,7.407410599100599548e-03,4.588386494215174714e-03,4.947902657559255860e-03,4.989917895322958097e-03,6.270847058248846251e-03,0.000000000000000000e+00
-3.500000000000000333e-02,6.888444636830546274e-03,4.622619125350351313e-03,4.947291963028808970e-03,4.988640457629553090e-03,5.809231000533043865e-03,0.000000000000000000e+00
-3.250000000000000111e-02,6.375338247954315425e-03,4.656172297553886133e-03,4.946711769817733334e-03,4.987418451554761004e-03,5.353694497123112628e-03,0.000000000000000000e+00
-2.999999999999999889e-02,5.868139620427532781e-03,4.689048882081593012e-03,4.946161722198509463e-03,4.986252838272415937e-03,4.904274363028038319e-03,0.000000000000000000e+00
-2.749999999999999667e-02,5.366895847077466329e-03,4.721252052291190909e-03,4.945641479592094089e-03,4.985144547321400388e-03,4.461006156431107650e-03,0.000000000000000000e+00
-2.499999999999999445e-02,4.871652926125694116e-03,4.752785283329956541e-03,4.945150716390504797e-03,4.984094476417900467e-03,4.023924179875626450e-03,0.000000000000000000e+00
-2.250000000000001998e-02,4.382455761763826875e-03,4.783652351521909887e-03,4.944689121780319711e-03,4.983103491273605141e-03,3.593061481809517455e-03,0.000000000000000000e+00
-2.000000000000001776e-02,3.899348164777060883e-03,4.813857333451480348e-03,4.944256399568427995e-03,4.982172425418961333e-03,3.168449858484051473e-03,0.000000000000000000e+00
-1.750000000000001554e-02,3.422372853211195186e-03,4.843404604741199763e-03,4.943852268011226375e-03,4.981302080030725922e-03,2.750119856210375691e-03,0.000000000000000000e+00
-1.500000000000001332e-02,2.951571453078813238e-03,4.872298838521613856e-03,4.943476459648372782e-03,4.980493223763108636e-03,2.338100773967982660e-03,0.000000000000000000e+00
-1.250000000000001110e-02,2.486984499101045024e-03,4.900545003591930647e-03,4.943128721142075500e-03,4.979746592581946359e-03,1.932420666366618800e-03,0.000000000000000000e+00
-1.000000000000000888e-02,2.028651435481767205e-03,4.928148362270637350e-03,4.942808813122822470e-03,4.979062889601399734e-03,1.533106346958801325e-03,0.000000000000000000e+00
-7.500000000000006661e-03,1.576610616711400905e-03,4.955114467935867184e-03,4.942516510042275005e-03,4.978442784922807764e-03,1.140183391899973753e-03,0.000000000000000000e+00
-5.000000000000004441e-03,1.130899308398191630e-03,4.981449162255610630e-03,4.942251600033996384e-03,4.977886915475431516e-03,7.536761439572714494e-04,0.000000000000000000e+00
-2.500000000000002220e-03,6.915536881250757169e-04,5.007158572108748665e-03,4.942013884782530536e-03,4.977395884858898736e-03,3.736077168610685284e-04,0.000000000000000000e+00
0.000000000000000000e+00,2.586088463308233091e-04,5.032249106198121401e-03,4.941803179401229804e-03,4.976970263187308584e-03,0.000000000000000000e+00,0.000000000000000000e+00
2.500000000000002220e-03,-1.679012127854145366e-04,5.056727451357549002e-03,4.941619312319124081e-03,4.976610586935021653e-03,-3.671263365445376348e-04,0.000000000000000000e+00
5.000000000000004441e-03,-5.879435703365899725e-04,5.080600568555184056e-03,4.941462125176992667e-03,4.976317358784294008e-03,-7.277518366276269912e-04,0.000000000000000000e+00
7.500000000000006661e-03,-1.001486391797331123e-03,5.103875688596068091e-03,4.941331472732697801e-03,4.976091047475020637e-03,-1.081858252334283454e-03,0.000000000000000000e+00
9.999999999999981126e-03,-1.408498926030031951e-03,5.126560307527388595e-03,4.941227222775700957e-03,4.975932087656897117e-03,-1.429428537943644439e-03,0.000000000000000000e+00
1.249999999999998335e-02,-1.808951504286799433e-03,5.148662181750316216e-03,4.941149256050604913e-03,4.975840879744512085e-03,-1.770446843563644457e-03,0.000000000000000000e+00
1.499999999999998557e-02,-2.202815539185753232e-03,5.170189322842798016e-03,4.941097466189408455e-03,4.975817789775859729e-03,-2.104898508441449545e-03,0.000000000000000000e+00
1.749999999999998779e-02,-2.590063523660205563e-03,5.191149992098365203e-03,4.941071759652109451e-03,4.975863149274953150e-03,-2.432770053953647871e-03,0.000000000000000000e+00
1.999999999999999001e-02,-2.970669029878485971e-03,5.211552694786121369e-03,4.941072055675143661e-03,4.975977255119236851e-03,-2.754049176277528765e-03,0.000000000000000000e+00
2.249999999999999223e-02,-3.344606708132044290e-03,5.231406174138005308e-03,4.941098286227062555e-03,4.976160369412615386e-03,-3.068724738750638892e-03,0.000000000000000000e+00
2.499999999999999445e-02,-3.711852285688917261e-03,5.250719405069400811e-03,4.941150395970790067e-03,4.976412719364978546e-03,-3.376786763918893097e-03,0.000000000000000000e+00
2.749999999999999667e-02,-4.072382565609474446e-03,5.269501587639976829e-03,4.941228342231662914e-03,4.976734497179176320e-03,-3.678226425281649892e-03,0.000000000000000000e+00
2.999999999999999889e-02,-4.426175425520773206e-03,5.287762140261870365e-03,4.941332094970413147e-03,4.977125859946468847e-03,-3.973036038734084618e-03,0.000000000000000000e+00
3.250000000000000111e-02,-4.773209816345730210e-03,5.305510692662754671e-03,4.941461636760159648e-03,4.977586929551505203e-03,-4.261209053714604122e-03,0.000000000000000000e+00
3.500000000000000333e-02,-5.113465760982914034e-03,5.322757078611846208e-03,4.941616962766413705e-03,4.978117792587988949e-03,-4.542740044059606630e-03,0.000000000000000000e+00
3.750000000000000555e-02,-5.446924352932416488e-03,5.339511328417049542e-03,4.941798080729043960e-03,4.978718500286175366e-03,-4.817624698572553488e-03,0.000000000000000000e+00
3.999999999999998002e-02,-5.773567754863072506e-03,5.355783661202093322e-03,4.942005010945071421e-03,4.979389068453413808e-03,-5.085859811310766698e-03,0.000000000000000000e+00
4.249999999999998224e-02,-6.093379197115954965e-03,5.371584476972625886e-03,4.942237786251152225e-03,4.980129477428981571e-03,-5.347443271596696857e-03,0.000000000000000000e+00
4.499999999999998446e-02,-6.406342976138793693e-03,5.386924348480636240e-03,4.942496452004519966e-03,4.980939672054444413e-03,-5.602374053756714600e-03,0.000000000000000000e+00
4.749999999999998668e-02,-6.712444452845852533e-03,5.401814012896927024e-03,4.942781066061168078e-03,4.981819561660830002e-03,-5.850652206595502447e-03,0.000000000000000000e+00
4.999999999999998890e-02,-7.011670050897433198e-03,5.416264363301603706e-03,4.943091698750002455e-03,4.982769020073885870e-03,-6.092278842610987510e-03,0.000000000000000000e+00
5.249999999999999112e-02,-7.304007254893042818e-03,5.430286440002808808e-03,4.943428432841676275e-03,4.983787885638679520e-03,-6.327256126953284543e-03,0.000000000000000000e+00
5.499999999999999334e-02,-7.589444608472098973e-03,5.443891421694207512e-03,4.943791363510822469e-03,4.984875961264820937e-03,-6.555587266137918867e-03,0.000000000000000000e+00
5.749999999999999556e-02,-7.867971712315792801e-03,5.457090616461967789e-03,4.944180598290370647e-03,4.986033014493527864e-03,-6.777276496515161064e-03,0.000000000000000000e+00
5.999999999999999778e-02,-8.139579222043710760e-03,5.469895452652179420e-03,4.944596257016679527e-03,4.987258777587776776e-03,-6.992329072504799292e-03,0.000000000000000000e+00
6.250000000000000000e-02,-8.404258845998510349e-03,5.482317469609790730e-03,4.945038471764176893e-03,4.988552947646681876e-03,-7.200751254600845641e-03,0.000000000000000000e+00
6.500000000000000222e-02,-8.662003342912019677e-03,5.494368308300491381e-03,4.945507386768249400e-03,4.989915186745294724e-03,-7.402550297153254188e-03,0.000000000000000000e+00
6.750000000000000444e-02,-8.912806519445922587e-03,5.506059701826871572e-03,4.946003158335164455e-03,4.991345122100858400e-03,-7.597734435933672925e-03,0.000000000000000000e+00
7.000000000000000666e-02,-9.156663227600093935e-03,5.517403465850514131e-03,4.946525954737771708e-03,4.992842346266609076e-03,-7.786312875490947194e-03,0.000000000000000000e+00
7.250000000000000888e-02,-9.393569361981721558e-03,5.528411488931749690e-03,4.947075956095869573e-03,4.994406417354063481e-03,-7.968295776304645806e-03,0.000000000000000000e+00
7.500000000000001110e-02,-9.623521856928166779e-03,5.539095722798771312e-03,4.947653354240065006e-03,4.996036859284721209e-03,-8.143694241741578077e-03,0.000000000000000000e+00
7.750000000000001332e-02,-9.846518683476631478e-03,5.549468172558072107e-03,4.948258352558084806e-03,4.997733162072015393e-03,-8.312520304823933781e-03,0.000000000000000000e+00
8.000000000000001554e-02,-1.006255884617353671e-02,5.559540886858040966e-03,4.948891165822512372e-03,4.999494782134262030e-03,-8.474786914815624073e-03,0.000000000000000000e+00
8.250000000000001776e-02,-1.027164237971675206e-02,5.569325948017699902e-03,4.949552019998980194e-03,5.001321142639315702e-03,-8.630507923633956580e-03,0.000000000000000000e+00
8.500000000000001998e-02,-1.047377034542362056e-02,5.578835462132488397e-03,4.950241152033961999e-03,5.003211633881466010e-03,-8.779698072093777839e-03,0.000000000000000000e+00
8.750000000000002220e-02,-1.066894482751799302e-02,5.588081549169040922e-03,4.950958809621314530e-03,5.005165613691146299e-03,-8.922372975991466060e-03,0.000000000000000000e+00
8.999999999999996891e-02,-1.085716892922936223e-02,5.597076333060889072e-03,4.951705250946840386e-03,5.007182407877796421e-03,-9.058549112036490270e-03,0.000000000000000000e+00
9.249999999999997113e-02,-1.103844676869746716e-02,5.605831931816873150e-03,4.952480744410223991e-03,5.009261310706232539e-03,-9.188243803638168616e-03,0.000000000000000000e+00
9.499999999999997335e-02,-1.121278347467565863e-02,5.614360447654062787e-03,4.953285568323719662e-03,5.011401585406720892e-03,-9.311475206553732065e-03,0.000000000000000000e+00
9.749999999999997558e-02,-1.138018518202663781e-02,5.622673957166922018e-03,4.954120010587152040e-03,5.013602464718860431e-03,-9.428262294407102617e-03,0.000000000000000000e+00
9.999999999999997780e-02,-1.154065902700413676e-02,5.630784501544161894e-03,4.954984368338763087e-03,5.015863151469302991e-03,-9.538624844085547005e-03,0.000000000000000000e+00
1.024999999999999800e-01,-1.169421314231441390e-02,5.638704076844906765e-03,4.955878947581626379e-03,5.018182819183207750e-03,-9.642583421020201051e-03,0.000000000000000000e+00
1.049999999999999822e-01,-1.184085665195155207e-02,5.646444624345269524e-03,4.956804062785382346e-03,5.020560612729235705e-03,-9.740159364360234662e-03,0.000000000000000000e+00
1.074999999999999845e-01,-1.198059966580068171e-02,5.654018020966628845e-03,4.957760036463170449e-03,5.022995648997803132e-03,-9.831374772048595556e-03,0.000000000000000000e+00
1.099999999999999867e-01,-1.211345327400358343e-02,5.661436069796487759e-03,4.958747198723694079e-03,5.025487017612189841e-03,-9.916252485802690142e-03,0.000000000000000000e+00
1.124999999999999889e-01,-1.223942954108128527e-02,5.668710490712683576e-03,4.959765886798489336e-03,5.028033781672013036e-03,-9.994816076015794470e-03,0.000000000000000000e+00
1.149999999999999911e-01,-1.235854149980843315e-02,5.675852911121468530e-03,4.960816444544522558e-03,5.030634978528482175e-03,-1.006708982657719686e-02,0.000000000000000000e+00
1.174999999999999933e-01,-1.247080314483461905e-02,5.682874856819775805e-03,4.961899221922358612e-03,5.033289620590738339e-03,-1.013309871962769781e-02,0.000000000000000000e+00
1.199999999999999956e-01,-1.257622942604791350e-02,5.689787742991819948e-03,4.963014574450214794e-03,5.035996696162526112e-03,-1.019286842025116102e-02,0.000000000000000000e+00
1.224999999999999978e-01,-1.267483624167639253e-02,5.696602865349652441e-03,4.964162862634318406e-03,5.038755170308306316e-03,-1.024642526111527174e-02,0.000000000000000000e+00
1.250000000000000000e-01,-1.276664043112344694e-02,5.703331391427418108e-03,4.965344451376064137e-03,5.041563985747898012e-03,-1.029379622706461106e-02,0.000000000000000000e+00
1.275000000000000022e-01,-1.285165976753311831e-02,5.709984352038392774e-03,4.966559709356555864e-03,5.044422063778570761e-03,-1.033500893967737033e-02,0.000000000000000000e+00
1.300000000000000044e-01,-1.292991295008211888e-02,5.716572632903863492e-03,4.967809008399198985e-03,5.047328305223541985e-03,-1.037009164179064635e-02,0.000000000000000000e+00
1.325000000000000067e-01,-1.300141959599517352e-02,5.723106966462399199e-03,4.969092722811086632e-03,5.050281591405655565e-03,-1.039907318200308795e-02,0.000000000000000000e+00
1.350000000000000089e-01,-1.306620023228110238e-02,5.729597923867916533e-03,4.970411228704003752e-03,5.053280785145016982e-03,-1.042198299916313742e-02,0.000000000000000000e+00
1.375000000000000111e-01,-1.312427628718699016e-02,5.736055907184432930e-03,4.971764903295952838e-03,5.056324731779274391e-03,-1.043885110684730777e-02,0.000000000000000000e+00
1.400000000000000133e-01,-1.317567008136841245e-02,5.742491141785263827e-03,4.973154124194138943e-03,5.059412260205196042e-03,-1.044970807784026401e-02,0.000000000000000000e+00
1.425000000000000155e-01,-1.322040481877392870e-02,5.748913668963808420e-03,4.974579268660479087e-03,5.062542183940092928e-03,-1.045458502861998373e-02,0.000000000000000000e+00
1.450000000000000178e-01,-1.325850457724238839e-02,5.755333338763023339e-03,4.976040712860698573e-03,5.065713302201672007e-03,-1.045351360385798900e-02,0.000000000000000000e+00
1.475000000000000200e-01,-1.328999429881213591e-02,5.761759803030005317e-03,4.977538831098179094e-03,5.068924401004774351e-03,-1.044652596093981201e-02,0.000000000000000000e+00
1.500000000000000222e-01,-1.331489977974125750e-02,5.768202508701955611e-03,4.979073995033747764e-03,5.072174254273483819e-03,-1.043365475451474289e-02,0.000000000000000000e+00
1.524999999999999689e-01,-1.333324766023882314e-02,5.774670691329364391e-03,4.980646572892663895e-03,5.075461624967037184e-03,-1.041493312108010549e-02,0.000000000000000000e+00
1.549999999999999711e-01,-1.334506541390702294e-02,5.781173368841729422e-03,4.982256928660102821e-03,5.078785266217921562e-03,-1.039039466360777708e-02,0.000000000000000000e+00
1.574999999999999734e-01,-1.335038133689482251e-02,5.787719335560985445e-03,4.983905421266445618e-03,5.082143922480570133e-03,-1.036007343622000199e-02,0.000000000000000000e+00
1.599999999999999756e-01,-1.334922453676393866e-02,5.794317156467184912e-03,4.985592403763768575e-03,5.085536330689015977e-03,-1.032400392892057761e-02,0.000000000000000000e+00
1.624999999999999778e-01,-1.334162492106848522e-02,5.800975161720762531e-03,4.987318222494921058e-03,5.088961221421866438e-03,-1.028222105238796313e-02,0.000000000000000000e+00
1.649999999999999800e-01,-1.332761318564990374e-02,5.807701441445148847e-03,4.989083216256597758e-03,5.092417320072961315e-03,-1.023476012283855430e-02,0.000000000000000000e+00
1.674999999999999822e-01,-1.330722080264929580e-02,5.814503840773282105e-03,4.990887715457876378e-03,5.095903348026079895e-03,-1.018165684696265005e-02,0.000000000000000000e+00
1.699999999999999845e-01,-1.328048000823956257e-02,5.821389955160974350e-03,4.992732041275659699e-03,5.099418023832042769e-03,-1.012294730694401901e-02,0.000000000000000000e+00
1.724999999999999867e-01,-1.324742379008028020e-02,5.828367125969833619e-03,4.994616504808505227e-03,5.102960064386615965e-03,-1.005866794556564692e-02,0.000000000000000000e+00
1.749999999999999889e-01,-1.320808587449852876e-02,5.835442436322019026e-03,4.996541406230316923e-03,5.106528186107564191e-03,-9.988855551409631106e-03,0.000000000000000000e+00
1.774999999999999911e-01,-1.316250071339935754e-02,5.842622707228560010e-03,4.998507033945386556e-03,5.110121106109303223e-03,-9.913547244155496152e-03,0.000000000000000000e+00
1.799999999999999933e-01,-1.311070347090982635e-02,5.849914493992859101e-03,5.000513663746264381e-03,5.113737543373545087e-03,-9.832780459984841182e-03,0.000000000000000000e+00
1.824999999999999956e-01,-1.305273000976124066e-02,5.857324082890255114e-03,5.002561557975946684e-03,5.117376219914402530e-03,-9.746592937095427400e-03,0.000000000000000000e+00
1.849999999999999978e-01,-1.298861687741416533e-02,5.864857488124473363e-03,5.004650964695843418e-03,5.121035861936431427e-03,-9.655022701332172108e-03,0.000000000000000000e+00
1.875000000000000000e-01,-1.291840129193161900e-02,5.872520449061122486e-03,5.006782116860992657e-03,5.124715200984127951e-03,-9.558108051939379068e-03,0.000000000000000000e+00
1.900000000000000022e-01,-1.284212112760582149e-02,5.880318427738186714e-03,5.008955231503971206e-03,5.128412975081395563e-03,-9.455887547439617569e-03,0.000000000000000000e+00
1.925000000000000044e-01,-1.275981490034458488e-02,5.888256606653008776e-03,5.011170508928919527e-03,5.132127929859597523e-03,-9.348399991643968621e-03,0.000000000000000000e+00
1.950000000000000067e-01,-1.267152175282353944e-02,5.896339886824932507e-03,5.013428131917110377e-03,5.135858819672777659e-03,-9.235684419799328193e-03,0.000000000000000000e+00
1.975000000000000089e-01,-1.257728143941089401e-02,5.904572886132331000e-03,5.015728264945431593e-03,5.139604408698706696e-03,-9.117780084876847546e-03,0.000000000000000000e+00
2.000000000000000111e-01,-1.247713431087169034e-02,5.912959937922512843e-03,5.018071053419159537e-03,5.143363472024467878e-03,-8.994726444005896049e-03,0.000000000000000000e+00
